cve_id,year,cwe,cvss_v3,cvss_v3_severity,cvss_v2,cvss_source,threat_ids,overlap_flag
CVE-2020-6100,2020,CWE-787,9.9,CRITICAL,6.5,v3.1,P-01,false
CVE-2020-2243,2020,CWE-79,5.4,MEDIUM,3.5,v3.1,P-01,false
CVE-2020-24045,2020,CWE-345,7.2,HIGH,9.0,v3.1,P-01,false
CVE-2021-3653,2021,CWE-862,8.8,HIGH,6.1,v3.1,P-01,false
CVE-2014-8891,2015,NVD-CWE-noinfo,,,10.0,v2_only,P-01,false
CVE-2018-1185,2018,CWE-78,6.7,MEDIUM,7.2,v3.1,P-01,false
CVE-2018-12223,2019,CWE-732,6.3,MEDIUM,4.6,v3.0,P-01,false
CVE-2021-44078,2021,CWE-697,8.1,HIGH,6.9,v3.1,P-01,false
CVE-2012-3515,2012,CWE-20,,,7.2,v2_only,P-01,false
CVE-2019-18389,2019,CWE-787,7.8,HIGH,4.6,v3.1,P-01,false
CVE-2021-24980,2021,CWE-79,6.1,MEDIUM,4.3,v3.1,P-01,false
CVE-2014-3608,2014,CWE-399,,,2.7,v2_only,P-02,false
CVE-2016-4924,2017,CWE-275,8.4,HIGH,1.7,v3.0,P-02,false
CVE-2019-1919,2019,CWE-798,8.4,HIGH,7.2,v3.0,P-02|P-04,true
CVE-2020-15229,2020,CWE-22,8.2,HIGH,5.8,v3.1,P-02,false
CVE-2019-5587,2019,CWE-345,6.5,MEDIUM,4.0,v3.1,P-02,false
CVE-2020-2025,2020,CWE-284,8.8,HIGH,4.6,v3.1,P-02,false
CVE-2012-2186,2012,NVD-CWE-Other,,,9.0,v2_only,P-02,false
CVE-2020-11483,2020,CWE-798,9.8,CRITICAL,7.5,v3.1,P-02,false
CVE-2020-11484,2020,NVD-CWE-noinfo,4.9,MEDIUM,4.0,v3.1,P-02,false
CVE-2020-11485,2020,CWE-352,8.8,HIGH,6.8,v3.1,P-02,false
CVE-2020-11486,2020,CWE-434,9.8,CRITICAL,7.5,v3.1,P-02,false
CVE-2020-11487,2020,CWE-798,7.5,HIGH,5.0,v3.1,P-02,false
CVE-2020-11488,2020,CWE-347,6.7,MEDIUM,4.6,v3.1,P-02,false
CVE-2020-11489,2020,CWE-1188,7.5,HIGH,5.0,v3.1,P-02,false
CVE-2020-11615,2020,CWE-798,7.5,HIGH,5.0,v3.1,P-02,false
CVE-2020-11616,2020,CWE-338,7.5,HIGH,5.0,v3.1,P-02,false
CVE-2021-35312,2021,CWE-276,7.8,HIGH,7.2,v3.1,P-02,false
CVE-2021-31844,2021,CWE-120,8.2,HIGH,4.6,v3.1,P-02,false
CVE-2021-31845,2021,CWE-120,8.4,HIGH,6.0,v3.1,P-02,false
CVE-2015-2877,2017,CWE-200,3.3,LOW,2.1,v3.1,P-03,false
CVE-2018-10846,2018,CWE-385,5.6,MEDIUM,1.9,v3.1,P-03|P-08,true
CVE-2010-1138,2010,CWE-200,,,5.0,v2_only,P-04,false
CVE-2010-2981,2010,NVD-CWE-Other,,,7.1,v2_only,P-04,false
CVE-2013-1208,2013,CWE-310,,,5.8,v2_only,P-04,false
CVE-2012-4115,2013,CWE-310,,,5.8,v2_only,P-04,false
CVE-2014-2625,2014,CWE-22,,,8.5,v2_only,P-04,false
CVE-2014-2626,2014,CWE-22,,,9.4,v2_only,P-04,false
CVE-2015-2121,2015,CWE-200,,,7.8,v2_only,P-04,false
CVE-2015-7295,2015,CWE-119,,,5.0,v2_only,P-04,false
CVE-2015-6421,2016,CWE-399,7.5,HIGH,7.8,v3.0,P-04,false
CVE-2016-1388,2016,CWE-77,9.8,CRITICAL,7.5,v3.0,P-04,false
CVE-2016-1443,2016,CWE-254,8.1,HIGH,6.8,v3.1,P-04,false
CVE-2016-5023,2016,CWE-284,7.5,HIGH,5.0,v3.0,P-04,false
CVE-2016-5022,2016,CWE-284,9.8,CRITICAL,7.5,v3.0,P-04|P-21,true
CVE-2016-9209,2016,CWE-254,4.3,MEDIUM,4.3,v3.0,P-04,false
CVE-2016-5024,2017,CWE-20,5.9,MEDIUM,4.3,v3.0,P-04,false
CVE-2016-5545,2017,CWE-254,6.3,MEDIUM,6.8,v3.0,P-04,false
CVE-2017-3316,2017,CWE-20,8.4,HIGH,6.0,v3.0,P-04,false
CVE-2016-7468,2017,CWE-284,5.9,MEDIUM,4.3,v3.0,P-04,false
CVE-2016-6368,2017,CWE-399,8.6,HIGH,5.0,v3.0,P-04,false
CVE-2017-3510,2017,NVD-CWE-noinfo,9.6,CRITICAL,5.5,v3.0,P-04,false
CVE-2017-3516,2017,NVD-CWE-noinfo,7.7,HIGH,6.8,v3.0,P-04,false
CVE-2017-6639,2017,CWE-16,9.8,CRITICAL,10.0,v3.0,P-04,false
CVE-2017-6640,2017,CWE-264,9.8,CRITICAL,10.0,v3.0,P-04,false
CVE-2017-6694,2017,CWE-522,5.5,MEDIUM,2.1,v3.0,P-04,false
CVE-2017-6678,2017,CWE-399,7.5,HIGH,7.8,v3.0,P-04,false
CVE-2017-6710,2017,CWE-78,8.1,HIGH,8.5,v3.0,P-04,false
CVE-2017-12244,2017,CWE-20,8.6,HIGH,5.0,v3.0,P-04,false
CVE-2017-10369,2017,NVD-CWE-noinfo,7.5,HIGH,6.0,v3.0,P-04,false
CVE-2017-12262,2017,CWE-284,8.8,HIGH,5.8,v3.0,P-04,false
CVE-2015-7501,2017,CWE-502,9.8,CRITICAL,10.0,v3.0,P-04,false
CVE-2018-0102,2018,CWE-399,7.4,HIGH,6.1,v3.0,P-04,false
CVE-2018-0117,2018,CWE-20,8.6,HIGH,7.8,v3.0,P-04,false
CVE-2017-12319,2018,CWE-20,5.9,MEDIUM,7.1,v3.1,P-04,false
CVE-2018-0227,2018,CWE-295,7.5,HIGH,5.0,v3.1,P-04,false
CVE-2018-0233,2018,CWE-400,8.6,HIGH,7.8,v3.0,P-04,false
CVE-2018-0239,2018,CWE-20,7.5,HIGH,5.0,v3.1,P-04,false
CVE-2018-10596,2018,CWE-923,7.1,HIGH,5.2,v3.1,P-04,false
CVE-2018-2932,2018,NVD-CWE-noinfo,7.1,HIGH,5.1,v3.0,P-04,false
CVE-2018-0045,2018,CWE-20,8.8,HIGH,5.8,v3.0,P-04,false
CVE-2018-3253,2018,NVD-CWE-noinfo,8.5,HIGH,6.0,v3.0,P-04,false
CVE-2018-3294,2018,NVD-CWE-noinfo,9.0,CRITICAL,6.0,v3.0,P-04,false
CVE-2019-5892,2019,CWE-436,6.5,MEDIUM,4.0,v3.0,P-04,false
CVE-2019-2511,2019,NVD-CWE-noinfo,7.5,HIGH,7.8,v3.0,P-04,false
CVE-2019-1895,2019,CWE-306,9.8,CRITICAL,7.5,v3.1,P-04,false
CVE-2019-0714,2019,CWE-20,5.8,MEDIUM,5.5,v3.1,P-04,false
CVE-2019-0715,2019,CWE-20,5.8,MEDIUM,5.5,v3.1,P-04,false
CVE-2019-0717,2019,CWE-20,5.8,MEDIUM,5.5,v3.1,P-04,false
CVE-2019-0718,2019,CWE-20,5.8,MEDIUM,5.5,v3.1,P-04,false
CVE-2019-0723,2019,CWE-20,5.8,MEDIUM,5.5,v3.1,P-04,false
CVE-2019-12623,2019,CWE-538,4.3,MEDIUM,4.0,v3.0,P-04,false
CVE-2019-1984,2019,CWE-20,6.5,MEDIUM,5.5,v3.0,P-04,false
CVE-2009-3552,2019,CWE-295,3.1,LOW,2.9,v3.1,P-04,false
CVE-2019-5541,2019,CWE-787,9.1,CRITICAL,6.5,v3.1,P-04,false
CVE-2020-3165,2020,CWE-798,8.2,HIGH,4.3,v3.1,P-04,false
CVE-2020-1614,2020,CWE-798,10.0,CRITICAL,9.3,v3.1,P-04,false
CVE-2020-1616,2020,CWE-307,5.3,MEDIUM,5.0,v3.1,P-04,false
CVE-2020-2959,2020,NVD-CWE-noinfo,8.6,HIGH,5.0,v3.1,P-04,false
CVE-2020-5888,2020,NVD-CWE-noinfo,8.1,HIGH,3.3,v3.1,P-04,false
CVE-2020-3222,2020,CWE-17,4.3,MEDIUM,3.3,v3.1,P-04,false
CVE-2020-16894,2020,NVD-CWE-noinfo,7.7,HIGH,6.8,v3.1,P-04,false
CVE-2020-16995,2020,NVD-CWE-noinfo,7.8,HIGH,7.2,v3.1,P-04,false
CVE-2020-10291,2020,CWE-200,7.5,HIGH,5.0,v3.1,P-04,false
CVE-2020-26278,2021,CWE-250,5.8,MEDIUM,7.9,v3.1,P-04,false
CVE-2021-0244,2021,CWE-362,7.4,HIGH,4.3,v3.1,P-04,false
CVE-2021-0254,2021,CWE-131,9.8,CRITICAL,7.5,v3.1,P-04,false
CVE-2021-2177,2021,NVD-CWE-noinfo,10.0,CRITICAL,7.5,v3.1,P-04,false
CVE-2021-2221,2021,NVD-CWE-noinfo,9.6,CRITICAL,6.8,v3.1,P-04,false
CVE-2021-2248,2021,NVD-CWE-noinfo,10.0,CRITICAL,7.5,v3.1,P-04,false
CVE-2021-2279,2021,NVD-CWE-noinfo,8.1,HIGH,6.8,v3.1,P-04,false
CVE-2021-2446,2021,NVD-CWE-noinfo,9.6,CRITICAL,6.8,v3.1,P-04,false
CVE-2021-2447,2021,NVD-CWE-noinfo,9.9,CRITICAL,6.5,v3.1,P-04,false
CVE-2021-1523,2021,CWE-772,8.6,HIGH,5.0,v3.1,P-04,false
CVE-2021-35649,2021,NVD-CWE-noinfo,5.4,MEDIUM,5.5,v3.1,P-04,false
CVE-2021-35650,2021,NVD-CWE-noinfo,4.6,MEDIUM,4.9,v3.1,P-04,false
CVE-2021-4024,2021,CWE-200,6.5,MEDIUM,6.4,v3.1,P-04,false
CVE-2018-7071,2018,CWE-200,4.3,MEDIUM,4.0,v3.0,P-04,false
CVE-2010-0730,2010,CWE-20,,,2.6,v2_only,P-06,false
CVE-2010-0428,2010,CWE-20,,,6.6,v2_only,P-06,false
CVE-2010-0429,2010,CWE-264,,,6.6,v2_only,P-06,false
CVE-2010-0431,2010,CWE-20,,,6.6,v2_only,P-06,false
CVE-2010-0435,2010,NVD-CWE-Other,,,4.6,v2_only,P-06,false
CVE-2010-2784,2010,CWE-264,,,6.6,v2_only,P-06,false
CVE-2010-2653,2010,CWE-362,,,6.9,v2_only,P-06,false
CVE-2011-1576,2011,CWE-119,,,5.7,v2_only,P-06,false
CVE-2012-4539,2012,CWE-399,,,2.1,v2_only,P-06,false
CVE-2012-3498,2012,CWE-20,,,5.6,v2_only,P-06,false
CVE-2012-3516,2012,CWE-264,,,6.9,v2_only,P-06,false
CVE-2012-5513,2012,CWE-20,,,6.9,v2_only,P-06,false
CVE-2013-0154,2013,NVD-CWE-noinfo,,,1.9,v2_only,P-06,false
CVE-2013-1432,2013,CWE-399,,,7.4,v2_only,P-06,false
CVE-2013-2077,2013,CWE-264,,,5.2,v2_only,P-06,false
CVE-2013-2212,2013,CWE-119,,,5.7,v2_only,P-06,false
CVE-2013-4356,2013,CWE-264,,,5.4,v2_only,P-06,false
CVE-2011-2519,2013,CWE-476,,,5.5,v2_only,P-06,false
CVE-2014-1642,2014,CWE-399,,,4.4,v2_only,P-06,false
CVE-2014-1895,2014,CWE-189,,,5.8,v2_only,P-06,false
CVE-2014-7188,2014,CWE-399,,,8.3,v2_only,P-06,false
CVE-2014-8866,2014,CWE-17,,,4.7,v2_only,P-06,false
CVE-2014-8867,2014,CWE-17,,,4.9,v2_only,P-06,false
CVE-2015-1138,2015,CWE-20,,,4.9,v2_only,P-06,false
CVE-2015-7813,2015,CWE-399,,,2.1,v2_only,P-06,false
CVE-2015-7971,2015,CWE-19,,,2.1,v2_only,P-06,false
CVE-2015-8338,2015,CWE-254,,,7.2,v2_only,P-06,false
CVE-2016-1570,2016,CWE-20,8.5,HIGH,6.9,v3.0,P-06,false
CVE-2016-1571,2016,CWE-17,6.3,MEDIUM,4.7,v3.0,P-06,false
CVE-2016-1465,2016,CWE-399,6.5,MEDIUM,6.1,v3.0,P-06,false
CVE-2016-9383,2017,CWE-20,8.8,HIGH,7.2,v3.0,P-06,false
CVE-2017-1000252,2017,CWE-20,5.5,MEDIUM,2.1,v3.0,P-06,false
CVE-2017-15595,2017,CWE-400,8.8,HIGH,7.2,v3.0,P-06,false
CVE-2017-15597,2017,CWE-119,9.1,CRITICAL,9.0,v3.0,P-06,false
CVE-2017-17051,2017,CWE-400,8.6,HIGH,4.0,v3.0,P-06,false
CVE-2018-7542,2018,CWE-476,6.5,MEDIUM,4.9,v3.0,P-06,false
CVE-2018-10471,2018,CWE-787,6.5,MEDIUM,4.9,v3.0,P-06,false
CVE-2018-10982,2018,NVD-CWE-noinfo,8.8,HIGH,7.2,v3.0,P-06,false
CVE-2018-18021,2018,CWE-20,7.1,HIGH,3.6,v3.0,P-06,false
CVE-2019-14821,2019,CWE-787,8.8,HIGH,7.2,v3.1,P-06,false
CVE-2019-18420,2019,CWE-134,6.5,MEDIUM,6.3,v3.1,P-06,false
CVE-2019-18423,2019,CWE-193,8.8,HIGH,8.5,v3.1,P-06,false
CVE-2019-19578,2019,CWE-682,8.8,HIGH,7.2,v3.1,P-06,false
CVE-2019-19581,2019,CWE-119,6.5,MEDIUM,2.1,v3.1,P-06,false
CVE-2019-19582,2019,CWE-835,6.5,MEDIUM,2.1,v3.1,P-06,false
CVE-2019-19332,2020,CWE-787,6.1,MEDIUM,5.6,v3.1,P-06,false
CVE-2020-11739,2020,CWE-362,7.8,HIGH,6.9,v3.1,P-06,false
CVE-2020-3968,2020,CWE-787,8.2,HIGH,4.6,v3.1,P-06,false
CVE-2020-15563,2020,CWE-119,6.5,MEDIUM,4.7,v3.1,P-06,false
CVE-2020-15564,2020,CWE-119,6.5,MEDIUM,4.9,v3.1,P-06,false
CVE-2020-15567,2020,CWE-362,7.8,HIGH,4.4,v3.1,P-06|P-07,true
CVE-2020-15687,2020,NVD-CWE-Other,7.5,HIGH,5.0,v3.1,P-06,false
CVE-2020-25603,2020,CWE-670,7.8,HIGH,4.6,v3.1,P-06,false
CVE-2020-25604,2020,CWE-362,4.7,MEDIUM,1.9,v3.1,P-06,false
CVE-2012-4537,2012,CWE-16,,,2.1,v2_only,P-06,false
CVE-2020-25598,2020,CWE-670,5.5,MEDIUM,2.1,v3.1,P-06,false
CVE-2020-29483,2020,CWE-416,6.5,MEDIUM,4.9,v3.1,P-06,false
CVE-2021-28687,2021,CWE-909,5.5,MEDIUM,4.9,v3.1,P-06,false
CVE-2020-3995,2020,CWE-401,5.3,MEDIUM,3.5,v3.1,P-06,false
CVE-2016-0181,2016,CWE-254,5.5,MEDIUM,2.1,v3.0,P-07,false
CVE-2017-12223,2017,CWE-20,6.4,MEDIUM,6.9,v3.0,P-07,false
CVE-2016-6489,2017,CWE-203,7.5,HIGH,5.0,v3.1,P-08,false
CVE-2017-14737,2017,NVD-CWE-noinfo,5.5,MEDIUM,2.1,v3.1,P-08,false
CVE-2018-0737,2018,CWE-327,5.9,MEDIUM,4.3,v3.0,P-08,false
CVE-2019-9494,2019,CWE-208,5.9,MEDIUM,4.3,v3.1,P-08,false
CVE-2018-12404,2019,NVD-CWE-noinfo,5.9,MEDIUM,4.3,v3.0,P-08,false
CVE-2019-9495,2019,CWE-524,3.7,LOW,4.3,v3.1,P-08,false
CVE-2019-13377,2019,CWE-203,5.9,MEDIUM,4.3,v3.1,P-08,false
CVE-2015-0837,2019,CWE-203,5.9,MEDIUM,4.3,v3.1,P-08,false
CVE-2016-8745,2017,CWE-388,7.5,HIGH,5.0,v3.0,P-09,false
CVE-2018-16948,2018,CWE-200,7.5,HIGH,5.0,v3.0,P-09,false
CVE-2018-12400,2019,CWE-200,5.3,MEDIUM,5.0,v3.0,P-09,false
CVE-2020-1870,2020,CWE-772,7.5,HIGH,5.0,v3.1,P-09|P-21|P-22,true
CVE-2014-0644,2014,CWE-200,,,7.8,v2_only,P-10,false
CVE-2014-8474,2014,NVD-CWE-Other,,,7.5,v2_only,P-10|P-21,true
CVE-2017-8040,2017,CWE-611,6.5,MEDIUM,4.0,v3.1,P-10|P-17,true
CVE-2018-0101,2018,CWE-415,10.0,CRITICAL,10.0,v3.0,P-10,false
CVE-2018-8940,2019,CWE-611,9.8,CRITICAL,7.5,v3.0,P-10,false
CVE-2015-1809,2020,CWE-611,7.5,HIGH,5.0,v3.1,P-10,false
CVE-2015-1811,2020,CWE-611,7.5,HIGH,5.0,v3.1,P-10,false
CVE-2021-20482,2021,CWE-611,7.1,HIGH,5.5,v3.1,P-10|P-20,true
CVE-2010-4472,2011,NVD-CWE-noinfo,,,2.6,v2_only,P-10,false
CVE-2011-1425,2011,CWE-264,,,5.1,v2_only,P-10,false
CVE-2011-2516,2011,CWE-189,,,5.0,v2_only,P-10,false
CVE-2012-4063,2012,CWE-264,,,5.0,v2_only,P-10,false
CVE-2012-3314,2012,CWE-20,,,5.8,v2_only,P-10,false
CVE-2013-2279,2013,CWE-20,,,7.5,v2_only,P-10,false
CVE-2013-1336,2013,CWE-20,,,5.0,v2_only,P-10,false
CVE-2013-2461,2013,NVD-CWE-noinfo,,,7.5,v2_only,P-10,false
CVE-2013-2153,2013,CWE-310,,,4.3,v2_only,P-10,false
CVE-2013-2154,2013,CWE-119,,,7.5,v2_only,P-10,false
CVE-2013-2155,2013,CWE-20,,,5.8,v2_only,P-10,false
CVE-2013-2172,2013,CWE-310,,,4.3,v2_only,P-10,false
CVE-2013-2210,2013,CWE-119,,,7.5,v2_only,P-10,false
CVE-2013-4053,2013,CWE-20,,,6.8,v2_only,P-10,false
CVE-2013-4517,2014,CWE-399,,,4.3,v2_only,P-10,false
CVE-2014-8152,2015,CWE-254,,,5.0,v2_only,P-10,false
CVE-2016-0132,2016,CWE-20,9.8,CRITICAL,10.0,v3.0,P-10,false
CVE-2016-5697,2017,CWE-91,7.5,HIGH,5.0,v3.0,P-10,false
CVE-2015-3931,2017,CWE-91,7.8,HIGH,6.8,v3.0,P-10,false
CVE-2015-3932,2017,CWE-91,7.8,HIGH,6.8,v3.0,P-10,false
CVE-2017-12874,2017,CWE-20,7.5,HIGH,5.0,v3.0,P-10,false
CVE-2017-1000452,2018,CWE-91,7.5,HIGH,6.0,v3.0,P-10,false
CVE-2018-0486,2018,CWE-347,6.5,MEDIUM,6.4,v3.0,P-10,false
CVE-2018-0489,2018,CWE-347,6.5,MEDIUM,6.4,v3.0,P-10,false
CVE-2018-7644,2018,CWE-347,7.5,HIGH,5.0,v3.0,P-10,false
CVE-2018-5241,2018,NVD-CWE-noinfo,9.8,CRITICAL,7.5,v3.0,P-10,false
CVE-2018-5387,2018,CWE-287,7.5,HIGH,5.0,v3.1,P-10,false
CVE-2017-11427,2019,CWE-287,7.7,HIGH,7.5,v3.0,P-10,false
CVE-2017-11428,2019,CWE-287,7.7,HIGH,7.5,v3.0,P-10,false
CVE-2017-11429,2019,CWE-287,7.7,HIGH,7.5,v3.0,P-10,false
CVE-2017-11430,2019,CWE-287,7.7,HIGH,7.5,v3.0,P-10,false
CVE-2018-7340,2019,CWE-287,7.5,HIGH,5.0,v3.1,P-10,false
CVE-2018-20135,2019,CWE-295,8.1,HIGH,6.8,v3.0,P-10,false
CVE-2019-3465,2019,CWE-347,8.8,HIGH,6.5,v3.1,P-10,false
CVE-2020-13415,2020,CWE-347,7.5,HIGH,5.0,v3.1,P-10,false
CVE-2020-13101,2020,CWE-347,7.5,HIGH,5.0,v3.1,P-10,false
CVE-2020-15216,2020,CWE-347,5.3,MEDIUM,4.3,v3.1,P-10,false
CVE-2017-0710,2017,NVD-CWE-noinfo,7.8,HIGH,6.8,v3.0,P-14,false
CVE-2014-9300,2014,CWE-352,,,6.8,v2_only,P-14,false
CVE-2014-9302,2014,NVD-CWE-Other,,,5.0,v2_only,P-14,false
CVE-2016-1375,2016,CWE-79,6.1,MEDIUM,4.3,v3.0,P-14,false
CVE-2016-6397,2016,CWE-287,9.8,CRITICAL,10.0,v3.0,P-14,false
CVE-2016-6429,2016,CWE-79,6.1,MEDIUM,4.3,v3.0,P-14,false
CVE-2016-6430,2016,CWE-264,7.8,HIGH,6.6,v3.0,P-14,false
CVE-2016-8467,2017,CWE-264,5.5,MEDIUM,4.9,v3.0,P-14,false
CVE-2020-24051,2020,CWE-306,9.8,CRITICAL,10.0,v3.1,P-14,false
CVE-2017-10064,2017,NVD-CWE-noinfo,6.1,MEDIUM,5.8,v3.0,P-15|P-20,true
CVE-2017-10128,2017,NVD-CWE-noinfo,6.1,MEDIUM,5.8,v3.0,P-15|P-20,true
CVE-2017-10232,2017,NVD-CWE-noinfo,7.6,HIGH,6.5,v3.0,P-15|P-20|P-21,true
CVE-2018-0294,2018,CWE-264,6.7,MEDIUM,7.2,v3.0,P-15,false
CVE-2019-4397,2019,CWE-200,6.5,MEDIUM,4.0,v3.1,P-15,false
CVE-2016-6353,2019,CWE-863,6.5,MEDIUM,3.5,v3.1,P-15,false
CVE-2020-2626,2020,NVD-CWE-noinfo,6.0,MEDIUM,6.5,v3.1,P-15|P-20|P-21|P-22,true
CVE-2020-5399,2020,CWE-319,7.4,HIGH,5.8,v3.1,P-15,false
CVE-2020-5400,2020,CWE-522,6.5,MEDIUM,4.0,v3.1,P-15,false
CVE-2019-5160,2020,NVD-CWE-noinfo,9.1,CRITICAL,6.5,v3.1,P-15,false
CVE-2020-11844,2020,CWE-863,10.0,CRITICAL,7.5,v3.1,P-15|P-20|P-22,true
CVE-2020-1675,2020,CWE-299,8.3,HIGH,4.3,v3.1,P-15,false
CVE-2020-14874,2020,NVD-CWE-noinfo,4.7,MEDIUM,6.5,v3.1,P-15|P-20|P-21|P-22,true
CVE-2021-2138,2021,NVD-CWE-noinfo,4.6,MEDIUM,4.1,v3.1,P-15|P-20,true
CVE-2021-2257,2021,NVD-CWE-noinfo,4.1,MEDIUM,4.0,v3.1,P-15|P-20|P-22,true
CVE-2021-36312,2021,CWE-259,9.1,CRITICAL,8.5,v3.1,P-15,false
CVE-2021-44877,2021,NVD-CWE-Other,7.5,HIGH,5.0,v3.1,P-15|P-16,true
CVE-2019-16919,2019,CWE-276,7.5,HIGH,5.0,v3.1,P-16,false
CVE-2020-26176,2020,CWE-922,4.3,MEDIUM,4.0,v3.1,P-16,false
CVE-2021-22025,2021,CWE-287,7.5,HIGH,5.0,v3.1,P-16,false
CVE-2021-43563,2021,NVD-CWE-Other,8.8,HIGH,6.5,v3.1,P-16,false
CVE-2015-2883,2017,CWE-79,5.4,MEDIUM,3.5,v3.0,P-16,false
CVE-2016-5073,2017,CWE-79,6.1,MEDIUM,4.3,v3.0,P-16,false
CVE-2016-5075,2017,CWE-79,6.1,MEDIUM,4.3,v3.0,P-16,false
CVE-2016-0781,2017,CWE-79,6.1,MEDIUM,4.3,v3.0,P-16,false
CVE-2017-7296,2017,CWE-79,6.1,MEDIUM,4.3,v3.0,P-16,false
CVE-2017-8041,2017,CWE-79,6.1,MEDIUM,4.3,v3.1,P-16,false
CVE-2018-5281,2018,CWE-79,5.4,MEDIUM,3.5,v3.1,P-16,false
CVE-2018-1000534,2018,CWE-79,6.1,MEDIUM,4.3,v3.0,P-16,false
CVE-2017-15125,2018,CWE-79,6.5,MEDIUM,3.5,v3.0,P-16,false
CVE-2019-7693,2019,CWE-79,6.1,MEDIUM,4.3,v3.0,P-16,false
CVE-2019-5286,2019,CWE-79,6.1,MEDIUM,4.3,v3.0,P-16,false
CVE-2019-10177,2019,CWE-79,6.5,MEDIUM,6.0,v3.1,P-16,false
CVE-2019-10263,2019,CWE-79,6.1,MEDIUM,4.3,v3.0,P-16,false
CVE-2019-11274,2019,CWE-79,6.1,MEDIUM,4.3,v3.1,P-16,false
CVE-2016-9271,2019,CWE-79,5.4,MEDIUM,3.5,v3.1,P-16|P-22,true
CVE-2020-10777,2020,CWE-79,5.4,MEDIUM,3.5,v3.1,P-16,false
CVE-2020-15864,2021,CWE-79,6.1,MEDIUM,4.3,v3.1,P-16,false
CVE-2021-30174,2021,CWE-79,5.4,MEDIUM,3.5,v3.1,P-16,false
CVE-2021-33666,2021,CWE-79,6.1,MEDIUM,4.3,v3.1,P-16,false
CVE-2021-40868,2021,CWE-79,6.1,MEDIUM,4.3,v3.1,P-16,false
CVE-2021-29243,2021,CWE-79,6.1,MEDIUM,4.3,v3.1,P-16,false
CVE-2021-29994,2021,CWE-79,6.1,MEDIUM,4.3,v3.1,P-16,false
CVE-2021-32481,2021,CWE-79,6.1,MEDIUM,4.3,v3.1,P-16,false
CVE-2021-32482,2021,CWE-79,6.1,MEDIUM,4.3,v3.1,P-16,false
CVE-2018-6185,2019,CWE-310,4.9,MEDIUM,5.5,v3.0,P-18,false
CVE-2017-8444,2017,CWE-319,5.9,MEDIUM,4.3,v3.0,P-19|P-22,true
CVE-2014-8730,2014,CWE-310,,,4.3,v2_only,P-20|P-22,true
CVE-2017-8047,2017,CWE-601,6.1,MEDIUM,5.8,v3.0,P-20,false
CVE-2018-1221,2018,CWE-20,8.1,HIGH,5.5,v3.1,P-20|P-21,true
CVE-2018-0342,2018,CWE-119,6.7,MEDIUM,7.2,v3.0,P-20|P-21|P-22,true
CVE-2018-0344,2018,CWE-77,7.2,HIGH,6.5,v3.0,P-20|P-22,true
CVE-2019-9945,2019,NVD-CWE-noinfo,9.8,CRITICAL,10.0,v3.0,P-20,false
CVE-2018-18978,2019,CWE-798,7.4,HIGH,5.8,v3.0,P-20,false
CVE-2018-18979,2019,CWE-798,7.4,HIGH,5.8,v3.0,P-20,false
CVE-2018-20091,2019,CWE-89,9.9,CRITICAL,6.5,v3.0,P-20,false
CVE-2019-8063,2019,NVD-CWE-noinfo,7.5,HIGH,5.0,v3.0,P-20,false
CVE-2019-3747,2019,CWE-79,4.8,MEDIUM,3.5,v3.1,P-20,false
CVE-2012-6639,2019,CWE-269,8.8,HIGH,9.0,v3.1,P-20,false
CVE-2019-5271,2019,NVD-CWE-noinfo,5.4,MEDIUM,4.8,v3.1,P-20,false
CVE-2019-4428,2019,CWE-79,5.4,MEDIUM,3.5,v3.1,P-20,false
CVE-2020-3154,2020,CWE-89,4.9,MEDIUM,4.0,v3.1,P-20|P-22,true
CVE-2020-1861,2020,NVD-CWE-noinfo,4.4,MEDIUM,2.1,v3.1,P-20,false
CVE-2020-8023,2020,CWE-349,7.7,HIGH,7.2,v3.1,P-20,false
CVE-2020-11853,2020,NVD-CWE-noinfo,8.8,HIGH,6.5,v3.1,P-20,false
CVE-2020-36164,2021,NVD-CWE-noinfo,9.3,CRITICAL,7.2,v3.1,P-20,false
CVE-2021-21445,2021,CWE-444,5.4,MEDIUM,3.5,v3.1,P-20,false
CVE-2020-1865,2021,CWE-125,6.5,MEDIUM,3.3,v3.1,P-20,false
CVE-2021-21371,2021,CWE-502,5.0,MEDIUM,4.6,v3.1,P-20,false
CVE-2021-21390,2021,CWE-924,6.5,MEDIUM,4.3,v3.1,P-20,false
CVE-2020-25716,2021,CWE-285,8.1,HIGH,5.5,v3.1,P-20,false
CVE-2021-27002,2021,NVD-CWE-noinfo,7.5,HIGH,5.0,v3.1,P-20,false
CVE-2021-35599,2021,NVD-CWE-noinfo,8.2,HIGH,4.6,v3.1,P-20,false
CVE-2021-38505,2021,CWE-668,6.5,MEDIUM,4.3,v3.1,P-20,false
CVE-2021-43815,2021,CWE-22,4.3,MEDIUM,3.5,v3.1,P-20,false
CVE-2021-43820,2021,CWE-639,7.4,HIGH,4.3,v3.1,P-20,false
CVE-2012-5419,2013,CWE-399,,,7.8,v2_only,P-21,false
CVE-2013-4768,2014,CWE-20,,,5.0,v2_only,P-21,false
CVE-2014-0180,2014,CWE-399,,,5.0,v2_only,P-21|P-22,true
CVE-2013-4769,2014,CWE-19,,,4.3,v2_only,P-21,false
CVE-2015-5058,2015,CWE-399,,,7.8,v2_only,P-21,false
CVE-2015-7394,2015,CWE-264,,,9.0,v2_only,P-21|P-22,true
CVE-2015-5516,2016,CWE-399,7.5,HIGH,7.8,v3.0,P-21|P-22,true
CVE-2016-2084,2016,CWE-200,7.4,HIGH,4.0,v3.0,P-21,false
CVE-2015-8099,2016,CWE-20,5.9,MEDIUM,4.3,v3.0,P-21|P-22,true
CVE-2016-6178,2016,CWE-20,9.8,CRITICAL,7.5,v3.0,P-21,false
CVE-2017-4960,2017,NVD-CWE-noinfo,7.5,HIGH,5.0,v3.0,P-21,false
CVE-2014-0229,2017,CWE-264,6.5,MEDIUM,4.0,v3.0,P-21,false
CVE-2016-5309,2017,CWE-125,5.5,MEDIUM,4.3,v3.1,P-21,false
CVE-2016-5310,2017,CWE-787,5.5,MEDIUM,4.3,v3.1,P-21,false
CVE-2017-6607,2017,CWE-399,8.7,HIGH,5.8,v3.0,P-21,false
CVE-2016-0780,2017,CWE-399,7.5,HIGH,5.0,v3.1,P-21,false
CVE-2016-3091,2017,CWE-19,7.5,HIGH,5.0,v3.0,P-21,false
CVE-2017-12246,2017,CWE-399,8.6,HIGH,7.8,v3.0,P-21,false
CVE-2014-7813,2017,CWE-400,6.5,MEDIUM,4.0,v3.0,P-21|P-22,true
CVE-2017-8031,2017,NVD-CWE-noinfo,5.3,MEDIUM,3.5,v3.1,P-21,false
CVE-2018-6302,2018,NVD-CWE-noinfo,7.5,HIGH,5.0,v3.0,P-21,false
CVE-2018-1000152,2018,CWE-863,6.3,MEDIUM,6.5,v3.0,P-21,false
CVE-2018-1000153,2018,CWE-352,8.8,HIGH,6.8,v3.0,P-21,false
CVE-2016-9592,2018,CWE-460,4.3,MEDIUM,4.0,v3.0,P-21,false
CVE-2018-1269,2018,CWE-755,6.5,MEDIUM,4.0,v3.0,P-21,false
CVE-2018-0296,2018,CWE-20,7.5,HIGH,5.0,v3.1,P-21,false
CVE-2018-0303,2018,CWE-20,8.8,HIGH,8.3,v3.0,P-21,false
CVE-2018-0331,2018,CWE-399,6.5,MEDIUM,6.1,v3.1,P-21,false
CVE-2018-0343,2018,CWE-284,8.8,HIGH,6.5,v3.0,P-21|P-22,true
CVE-2018-11084,2018,NVD-CWE-noinfo,6.8,MEDIUM,5.5,v3.0,P-21,false
CVE-2019-7957,2019,NVD-CWE-noinfo,7.5,HIGH,5.0,v3.0,P-21,false
CVE-2019-15304,2019,CWE-1188,9.1,CRITICAL,6.4,v3.0,P-21,false
CVE-2019-13156,2019,CWE-121,7.5,HIGH,5.0,v3.1,P-21,false
CVE-2020-13100,2020,NVD-CWE-noinfo,7.5,HIGH,5.0,v3.1,P-21,false
CVE-2020-26810,2020,NVD-CWE-noinfo,7.5,HIGH,5.0,v3.1,P-21,false
CVE-2020-3999,2020,CWE-20,6.5,MEDIUM,2.1,v3.1,P-21,false
CVE-2018-7580,2020,CWE-400,7.5,HIGH,5.0,v3.1,P-21,false
CVE-2020-9094,2020,CWE-125,7.5,HIGH,5.0,v3.1,P-21,false
CVE-2021-26992,2021,NVD-CWE-noinfo,7.5,HIGH,5.0,v3.1,P-21,false
CVE-2021-22393,2021,NVD-CWE-noinfo,7.5,HIGH,5.0,v3.1,P-21,false
CVE-2021-21083,2021,CWE-284,7.5,HIGH,5.0,v3.1,P-21,false
CVE-2021-0279,2021,CWE-798,8.6,HIGH,5.5,v3.1,P-21,false
CVE-2021-22328,2021,NVD-CWE-noinfo,7.5,HIGH,5.0,v3.1,P-21,false
CVE-2021-28626,2021,CWE-285,3.7,LOW,5.0,v3.1,P-21,false
CVE-2021-22101,2021,CWE-400,7.5,HIGH,5.0,v3.1,P-21,false
CVE-2021-43017,2021,CWE-379,4.2,MEDIUM,3.5,v3.1,P-21,false
CVE-2021-42979,2021,CWE-190,8.8,HIGH,7.2,v3.1,P-21,false
CVE-2021-42980,2021,CWE-120,8.8,HIGH,7.2,v3.1,P-21,false
CVE-2021-39194,2021,CWE-835,4.3,MEDIUM,4.0,v3.1,P-21,false
CVE-2011-2654,2011,CWE-20,,,9.3,v2_only,P-22,false
CVE-2013-2068,2013,CWE-22,,,9.4,v2_only,P-22,false
CVE-2013-2050,2014,CWE-89,,,7.5,v2_only,P-22,false
CVE-2013-6443,2014,CWE-352,,,6.8,v2_only,P-22,false
CVE-2014-0057,2014,CWE-94,,,7.5,v2_only,P-22,false
CVE-2014-2536,2014,CWE-22,,,4.3,v2_only,P-22,false
CVE-2014-0645,2014,CWE-255,,,4.7,v2_only,P-22,false
CVE-2014-2928,2014,NVD-CWE-Other,,,7.1,v2_only,P-22|P-23,true
CVE-2014-0078,2014,CWE-264,,,4.0,v2_only,P-22,false
CVE-2014-0137,2014,CWE-89,,,6.5,v2_only,P-22,false
CVE-2014-0220,2014,CWE-200,,,4.0,v2_only,P-22,false
CVE-2014-0184,2014,CWE-255,,,4.9,v2_only,P-22,false
CVE-2014-3486,2014,CWE-59,,,6.9,v2_only,P-22,false
CVE-2014-5636,2014,CWE-310,,,5.4,v2_only,P-22,false
CVE-2014-5641,2014,CWE-310,,,5.4,v2_only,P-22,false
CVE-2014-5659,2014,CWE-310,,,5.4,v2_only,P-22,false
CVE-2014-5791,2014,CWE-310,,,5.4,v2_only,P-22,false
CVE-2014-5811,2014,CWE-310,,,5.4,v2_only,P-22,false
CVE-2014-5876,2014,CWE-310,,,5.4,v2_only,P-22,false
CVE-2014-7560,2014,CWE-310,,,5.4,v2_only,P-22,false
CVE-2014-0136,2014,CWE-20,,,5.0,v2_only,P-22,false
CVE-2014-8473,2014,CWE-352,,,6.8,v2_only,P-22,false
CVE-2014-3692,2015,CWE-255,,,10.0,v2_only,P-22,false
CVE-2014-8733,2015,CWE-200,,,2.1,v2_only,P-22,false
CVE-2015-0440,2015,NVD-CWE-noinfo,,,5.0,v2_only,P-22,false
CVE-2015-3628,2015,CWE-264,,,9.0,v2_only,P-22|P-23,true
CVE-2016-0506,2016,NVD-CWE-noinfo,,,4.3,v2_only,P-22,false
CVE-2015-7546,2016,CWE-522,7.5,HIGH,6.0,v3.1,P-22,false
CVE-2015-7502,2016,CWE-200,5.1,MEDIUM,1.9,v3.0,P-22,false
CVE-2016-5021,2016,CWE-200,4.9,MEDIUM,4.0,v3.0,P-22,false
CVE-2016-0883,2016,CWE-287,9.8,CRITICAL,5.0,v3.0,P-22,false
CVE-2016-0926,2016,CWE-79,6.1,MEDIUM,4.3,v3.0,P-22,false
CVE-2016-0930,2016,CWE-362,9.8,CRITICAL,5.0,v3.0,P-22,false
CVE-2016-6636,2016,CWE-601,5.3,MEDIUM,5.0,v3.0,P-22,false
CVE-2016-6637,2016,CWE-352,9.6,CRITICAL,6.8,v3.0,P-22,false
CVE-2016-6651,2016,CWE-264,8.8,HIGH,6.5,v3.0,P-22,false
CVE-2016-9012,2017,CWE-264,8.8,HIGH,6.5,v3.0,P-22,false
CVE-2016-5900,2017,CWE-200,5.9,MEDIUM,4.3,v3.0,P-22,false
CVE-2016-4948,2017,CWE-79,6.1,MEDIUM,4.3,v3.0,P-22,false
CVE-2016-4949,2017,CWE-200,7.5,HIGH,5.0,v3.0,P-22,false
CVE-2015-2263,2017,CWE-264,3.3,LOW,2.1,v3.0,P-22,false
CVE-2017-1143,2017,CWE-200,5.3,MEDIUM,3.5,v3.0,P-22,false
CVE-2016-0761,2017,CWE-19,9.8,CRITICAL,10.0,v3.1,P-22,false
CVE-2014-9619,2017,CWE-434,7.2,HIGH,6.5,v3.0,P-22,false
CVE-2017-3883,2017,CWE-770,8.6,HIGH,5.0,v3.0,P-22,false
CVE-2017-12290,2017,CWE-79,6.1,MEDIUM,4.3,v3.0,P-22,false
CVE-2017-12291,2017,CWE-79,6.1,MEDIUM,4.3,v3.0,P-22,false
CVE-2017-12292,2017,CWE-79,6.1,MEDIUM,4.3,v3.0,P-22,false
CVE-2017-12320,2017,CWE-79,6.1,MEDIUM,4.3,v3.0,P-22,false
CVE-2017-12321,2017,CWE-79,6.1,MEDIUM,4.3,v3.0,P-22,false
CVE-2017-12322,2017,CWE-79,6.1,MEDIUM,4.3,v3.0,P-22,false
CVE-2017-12323,2017,CWE-79,6.1,MEDIUM,4.3,v3.0,P-22,false
CVE-2018-1190,2018,CWE-79,6.1,MEDIUM,4.3,v3.0,P-22,false
CVE-2014-0087,2018,CWE-264,8.8,HIGH,6.5,v3.0,P-22,false
CVE-2018-0348,2018,CWE-77,7.2,HIGH,9.0,v3.1,P-22,false
CVE-2018-0349,2018,CWE-20,9.8,CRITICAL,10.0,v3.1,P-22,false
CVE-2018-0350,2018,CWE-77,8.8,HIGH,9.0,v3.0,P-22,false
CVE-2018-0351,2018,CWE-77,7.8,HIGH,7.2,v3.0,P-22,false
CVE-2018-10905,2018,CWE-284,7.8,HIGH,7.2,v3.0,P-22,false
CVE-2017-7530,2018,CWE-862,8.8,HIGH,6.5,v3.0,P-22,false
CVE-2017-2664,2018,CWE-284,6.5,MEDIUM,4.0,v3.0,P-22,false
CVE-2018-10896,2018,CWE-321,7.1,HIGH,3.6,v3.1,P-22,false
CVE-2018-15476,2018,CWE-295,8.1,HIGH,9.3,v3.0,P-22,false
CVE-2018-6498,2018,CWE-94,8.8,HIGH,7.5,v3.0,P-22,false
CVE-2018-6499,2018,CWE-94,7.1,HIGH,7.5,v3.0,P-22,false
CVE-2018-13411,2018,CWE-732,8.8,HIGH,9.0,v3.0,P-22,false
CVE-2018-13412,2018,CWE-732,7.8,HIGH,7.2,v3.0,P-22,false
CVE-2018-0454,2018,CWE-77,8.8,HIGH,6.5,v3.0,P-22,false
CVE-2018-15400,2018,CWE-79,6.1,MEDIUM,4.3,v3.0,P-22,false
CVE-2018-15759,2018,CWE-307,9.1,CRITICAL,5.0,v3.0,P-22,false
CVE-2018-1843,2018,CWE-200,4.1,MEDIUM,1.9,v3.0,P-22,false
CVE-2018-16477,2018,CWE-200,6.5,MEDIUM,4.3,v3.0,P-22,false
CVE-2019-3777,2019,CWE-295,8.0,HIGH,5.0,v3.0,P-22,false
CVE-2019-12274,2019,CWE-668,8.8,HIGH,4.0,v3.0,P-22,false
CVE-2018-15913,2019,CWE-79,6.1,MEDIUM,4.3,v3.1,P-22,false
CVE-2017-9326,2019,CWE-255,7.5,HIGH,3.5,v3.0,P-22,false
CVE-2017-8228,2019,CWE-264,8.8,HIGH,6.8,v3.0,P-22,false
CVE-2019-5280,2019,CWE-295,6.5,MEDIUM,5.8,v3.0,P-22,false
CVE-2019-13496,2019,CWE-354,8.1,HIGH,4.3,v3.1,P-22,false
CVE-2015-6495,2019,CWE-200,7.5,HIGH,5.0,v3.1,P-22,false
CVE-2015-4457,2019,CWE-79,5.4,MEDIUM,3.5,v3.1,P-22,false
CVE-2019-4521,2019,CWE-1236,9.8,CRITICAL,10.0,v3.1,P-22,false
CVE-2015-2802,2020,CWE-200,7.5,HIGH,5.0,v3.1,P-22,false
CVE-2019-4616,2020,CWE-311,3.5,LOW,2.9,v3.1,P-22,false
CVE-2019-13163,2020,CWE-326,5.9,MEDIUM,4.3,v3.1,P-22,false
CVE-2020-3155,2020,CWE-295,7.4,HIGH,5.8,v3.1,P-22,false
CVE-2020-9435,2020,CWE-798,7.5,HIGH,5.0,v3.1,P-22,false
CVE-2020-1978,2020,CWE-255,5.8,MEDIUM,1.9,v3.1,P-22,false
CVE-2019-4751,2020,CWE-200,5.3,MEDIUM,5.0,v3.1,P-22,false
CVE-2019-14894,2020,CWE-20,8.0,HIGH,9.0,v3.1,P-22,false
CVE-2020-9102,2020,NVD-CWE-noinfo,3.3,LOW,2.1,v3.1,P-22,false
CVE-2020-11933,2020,CWE-264,7.3,HIGH,4.6,v3.1,P-22,false
CVE-2020-15588,2020,CWE-190,9.8,CRITICAL,7.5,v3.1,P-22,false
CVE-2020-13175,2020,CWE-98,7.5,HIGH,5.0,v3.1,P-22,false
CVE-2020-13176,2020,CWE-79,6.1,MEDIUM,4.3,v3.1,P-22,false
CVE-2020-5417,2020,CWE-732,8.8,HIGH,6.5,v3.1,P-22,false
CVE-2020-24786,2020,CWE-287,9.8,CRITICAL,10.0,v3.1,P-22,false
CVE-2020-24333,2020,NVD-CWE-noinfo,6.5,MEDIUM,4.0,v3.1,P-22,false
CVE-2020-8349,2020,CWE-20,9.8,CRITICAL,6.8,v3.1,P-22|P-23,true
CVE-2020-6272,2020,CWE-79,5.4,MEDIUM,3.5,v3.1,P-22,false
CVE-2020-15157,2020,CWE-522,6.1,MEDIUM,2.6,v3.1,P-22,false
CVE-2020-8563,2020,CWE-532,4.7,MEDIUM,2.1,v3.1,P-22,false
CVE-2020-9120,2020,NVD-CWE-Other,7.5,HIGH,5.0,v3.1,P-22,false
CVE-2020-4918,2021,CWE-639,4.4,MEDIUM,2.1,v3.1,P-22,false
CVE-2021-22159,2021,CWE-306,7.8,HIGH,7.2,v3.1,P-22|P-24,true
CVE-2020-4816,2021,CWE-862,5.9,MEDIUM,4.3,v3.1,P-22,false
CVE-2021-25123,2021,CWE-120,7.8,HIGH,4.6,v3.1,P-22,false
CVE-2021-25124,2021,CWE-22,7.8,HIGH,7.2,v3.1,P-22,false
CVE-2021-25125,2021,CWE-22,7.8,HIGH,7.2,v3.1,P-22,false
CVE-2021-25126,2021,CWE-120,7.8,HIGH,7.2,v3.1,P-22,false
CVE-2021-25127,2021,CWE-120,7.8,HIGH,7.2,v3.1,P-22,false
CVE-2021-25128,2021,CWE-22,7.8,HIGH,7.2,v3.1,P-22,false
CVE-2021-25129,2021,CWE-22,7.8,HIGH,7.2,v3.1,P-22,false
CVE-2021-25130,2021,CWE-120,7.8,HIGH,7.2,v3.1,P-22,false
CVE-2021-25131,2021,CWE-120,7.8,HIGH,7.2,v3.1,P-22,false
CVE-2021-25132,2021,CWE-120,7.8,HIGH,7.2,v3.1,P-22,false
CVE-2021-25133,2021,CWE-120,7.8,HIGH,7.2,v3.1,P-22,false
CVE-2021-25134,2021,CWE-120,7.8,HIGH,7.2,v3.1,P-22,false
CVE-2021-25135,2021,CWE-120,7.8,HIGH,7.2,v3.1,P-22,false
CVE-2021-25136,2021,CWE-120,7.8,HIGH,7.2,v3.1,P-22,false
CVE-2021-25137,2021,CWE-120,7.8,HIGH,7.2,v3.1,P-22,false
CVE-2021-25138,2021,CWE-120,7.8,HIGH,7.2,v3.1,P-22,false
CVE-2021-22853,2021,CWE-284,5.4,MEDIUM,5.5,v3.1,P-22,false
CVE-2020-4719,2021,CWE-706,4.9,MEDIUM,4.0,v3.1,P-22,false
CVE-2021-20341,2021,NVD-CWE-noinfo,5.3,MEDIUM,5.0,v3.1,P-22,false
CVE-2021-27899,2021,CWE-295,7.4,HIGH,5.8,v3.1,P-22|P-24,true
CVE-2021-20989,2021,CWE-295,5.9,MEDIUM,4.3,v3.1,P-22,false
CVE-2021-2256,2021,NVD-CWE-noinfo,10.0,CRITICAL,7.5,v3.1,P-22,false
CVE-2021-2317,2021,NVD-CWE-noinfo,10.0,CRITICAL,7.5,v3.1,P-22,false
CVE-2021-2318,2021,NVD-CWE-noinfo,9.1,CRITICAL,6.5,v3.1,P-22,false
CVE-2021-2319,2021,NVD-CWE-noinfo,9.1,CRITICAL,6.5,v3.1,P-22,false
CVE-2021-2320,2021,NVD-CWE-noinfo,9.1,CRITICAL,6.5,v3.1,P-22,false
CVE-2021-25317,2021,CWE-276,3.3,LOW,2.1,v3.1,P-22,false
CVE-2021-20564,2021,CWE-319,5.9,MEDIUM,4.3,v3.1,P-22,false
CVE-2021-21986,2021,CWE-306,9.8,CRITICAL,10.0,v3.1,P-22,false
CVE-2021-25321,2021,CWE-61,7.8,HIGH,7.2,v3.1,P-22,false
CVE-2021-26999,2021,CWE-532,4.3,MEDIUM,4.0,v3.1,P-22,false
CVE-2021-28625,2021,CWE-79,6.3,MEDIUM,4.3,v3.1,P-22,false
CVE-2021-28627,2021,CWE-918,5.4,MEDIUM,6.5,v3.1,P-22,false
CVE-2021-28628,2021,CWE-79,6.3,MEDIUM,4.3,v3.1,P-22,false
CVE-2021-39159,2021,CWE-94,9.6,CRITICAL,7.5,v3.1,P-22,false
CVE-2021-1578,2021,CWE-636,8.8,HIGH,9.0,v3.1,P-22,false
CVE-2021-36695,2021,CWE-79,5.4,MEDIUM,3.5,v3.1,P-22,false
CVE-2021-40499,2021,CWE-94,9.8,CRITICAL,7.5,v3.1,P-22,false
CVE-2021-42701,2021,CWE-471,5.0,MEDIUM,2.6,v3.1,P-22,false
CVE-2021-32483,2021,NVD-CWE-Other,5.3,MEDIUM,5.0,v3.1,P-22,false
CVE-2021-23155,2021,CWE-296,9.0,CRITICAL,4.3,v3.1,P-22,false
CVE-2021-23162,2021,CWE-296,7.7,HIGH,6.8,v3.1,P-22,false
CVE-2015-4637,2015,CWE-17,,,4.3,v2_only,P-23,false
CVE-2020-8267,2020,CWE-287,5.3,MEDIUM,5.0,v3.1,P-23,false
CVE-2018-15480,2018,NVD-CWE-noinfo,8.8,HIGH,6.5,v3.0,P-23,false
CVE-2018-0271,2018,CWE-287,9.8,CRITICAL,7.5,v3.0,P-23,false
CVE-2018-1943,2019,CWE-74,5.4,MEDIUM,3.5,v3.0,P-25,false
CVE-2012-0733,2012,CWE-264,,,6.0,v2_only,P-25,false
CVE-2016-5124,2016,CWE-79,6.1,MEDIUM,4.3,v3.0,P-25,false
CVE-2018-7484,2018,CWE-426,7.8,HIGH,9.3,v3.0,P-25,false
CVE-2017-2802,2018,CWE-426,7.8,HIGH,6.8,v3.0,P-25,false
CVE-2018-16958,2018,CWE-732,5.4,MEDIUM,5.8,v3.0,P-25,false
CVE-2019-10008,2019,CWE-384,8.8,HIGH,6.5,v3.0,P-25,false
CVE-2019-9486,2019,CWE-367,8.8,HIGH,9.0,v3.0,P-25,false
CVE-2019-14969,2019,CWE-732,7.8,HIGH,6.9,v3.0,P-25,false
CVE-2019-14684,2019,CWE-427,7.8,HIGH,9.3,v3.0,P-25,false
CVE-2019-14687,2019,CWE-427,7.8,HIGH,6.8,v3.0,P-25,false
CVE-2019-4186,2019,CWE-79,6.1,MEDIUM,4.3,v3.1,P-25,false
CVE-2019-15628,2019,CWE-426,7.8,HIGH,6.9,v3.1,P-25,false
CVE-2019-18670,2019,CWE-427,7.8,HIGH,6.9,v3.1,P-25,false
CVE-2020-9055,2020,CWE-79,3.9,LOW,3.5,v3.1,P-25,false
CVE-2020-15909,2020,CWE-384,8.8,HIGH,6.8,v3.1,P-25,false
CVE-2021-25330,2021,NVD-CWE-noinfo,7.5,HIGH,5.0,v3.1,P-25,false
CVE-2021-25341,2021,CWE-287,4.0,MEDIUM,2.1,v3.1,P-25,false
CVE-2021-25342,2021,CWE-287,4.0,MEDIUM,2.1,v3.1,P-25,false
CVE-2021-25343,2021,CWE-287,4.0,MEDIUM,2.1,v3.1,P-25,false
CVE-2021-1403,2021,CWE-345,7.4,HIGH,7.1,v3.1,P-25,false
CVE-2021-25373,2021,CWE-285,5.5,MEDIUM,4.6,v3.1,P-25,false
CVE-2020-29157,2021,CWE-427,7.8,HIGH,6.9,v3.1,P-25,false
CVE-2021-38469,2021,CWE-427,9.1,CRITICAL,4.3,v3.1,P-25,false
CVE-2021-44199,2021,CWE-427,5.5,MEDIUM,1.9,v3.1,P-25,false
